{"cameraMode":{"drawMode":0,"name":"Shaded","section":"Shading Mode"},"sceneLighting":true,"audioPlay":false,"sceneViewState":{"showFog":true,"showMaterialUpdate":false,"showSkybox":true,"showFlares":true,"showImageEffects":true,"showParticleSystems":true,"showVisualEffectGraphs":true,"m_FxEnabled":true},"in2DMode":false,"pivot":{"x":1.4773147106170655,"y":1.0412635803222657,"z":0.7521796226501465},"rotation":{"x":-0.05571039393544197,"y":0.9164859056472778,"z":-0.13739685714244843,"w":-0.3715919256210327},"size":2.1073949337005617,"orthographic":false}